name,gene,baseMean,baseMeanA,baseMeanB,foldChange,log2FoldChange,PValue,PAdj,FDR,falsePos,HBR_1,HBR_2,HBR_3,UHR_1,UHR_2,UHR_3
ENSG00000100321.14,ENSG00000100321,1098.7,1057,41.7,0.039,-4.7,4.4e-23,0.0e+00,0,0,1019,1085,1067,37,51,37
ENSG00000100167.19,ENSG00000100167,1078,1034.7,43.3,0.042,-4.6,5.4e-23,0.0e+00,0,0,997,1017,1090,39,41,50
ENSG00000225783.6,ENSG00000225783,756.7,711.3,45.3,0.063,-4,1.9e-21,0.0e+00,0,0,724,665,745,41,46,49
ENSG00000100095.18,ENSG00000100095,566.3,551.7,14.7,0.026,-5.3,3.0e-21,0.0e+00,0,0,534,553,568,10,15,19
ENSG00000128245.14,ENSG00000128245,1667.7,1424.7,243,0.17,-2.6,3.5e-21,0.0e+00,0,0,1378,1480,1416,233,235,261
ENSG00000008735.13,ENSG00000008735,590,578.3,11.7,0.019,-5.7,6.7e-21,0.0e+00,0,0,544,595,596,9,18,8
ENSG00000251322.7,ENSG00000251322,498.3,470.3,28,0.061,-4,1.6e-20,0.0e+00,0,0,479,483,449,29,25,30
ENSG00000130540.13,ENSG00000130540,372.7,368.7,4,0.011,-6.5,2.3e-20,0.0e+00,0,0,388,364,354,3,6,3
ENSG00000211679.2,ENSG00000211679,542.3,0,542.3,4344.079,12.1,2.7e-20,0.0e+00,0,0,0,0,0,555,521,551
ENSG00000100427.15,ENSG00000100427,386,375.7,10.3,0.027,-5.2,2.8e-20,0.0e+00,0,0,397,351,379,9,11,11
ENSG00000184702.17,ENSG00000184702,731.7,637.3,94.3,0.147,-2.8,7.9e-20,0.0e+00,0,0,609,661,642,91,98,94
ENSG00000185686.17,ENSG00000185686,528,0,528,4240.521,12.1,9.5e-20,0.0e+00,0,0,0,0,0,561,492,531
ENSG00000167074.14,ENSG00000167074,458,428,30,0.069,-3.9,1.2e-19,0.0e+00,0,0,445,419,420,30,35,25
ENSG00000100219.16,ENSG00000100219,793,95.3,697.7,7.304,2.9,2.1e-19,0.0e+00,0,0,87,104,95,743,675,675
ENSG00000100307.12,ENSG00000100307,397.3,375,22.3,0.059,-4.1,3.1e-19,0.0e+00,0,0,356,394,375,18,25,24
ENSG00000100316.15,ENSG00000100316,3529,863.3,2665.7,3.091,1.6,3.2e-19,0.0e+00,0,0,878,827,885,2762,2548,2687
ENSG00000128268.11,ENSG00000128268,366,346.7,19.3,0.058,-4.1,4.1e-19,0.0e+00,0,0,344,358,338,23,15,20
ENSG00000237517.8,ENSG00000237517,253,247,6,0.025,-5.3,4.9e-19,0.0e+00,0,0,254,247,240,6,6,6
ENSG00000211677.2,ENSG00000211677,658.7,0,658.7,5292.892,12.4,5.6e-19,0.0e+00,0,0,0,0,0,750,636,590
ENSG00000221890.2,ENSG00000221890,548.3,496.7,51.7,0.102,-3.3,5.8e-19,0.0e+00,0,0,520,485,485,48,63,44
ENSG00000183741.11,ENSG00000183741,1243.7,989,254.7,0.257,-2,6.8e-19,0.0e+00,0,0,987,954,1026,248,250,266
ENSG00000241973.10,ENSG00000241973,1621.7,1308,313.7,0.239,-2.1,1.2e-18,0.0e+00,0,0,1393,1249,1282,282,331,328
ENSG00000100345.20,ENSG00000100345,2370.7,577,1793.7,3.114,1.6,2.5e-18,0.0e+00,0,0,591,549,591,1835,1690,1856
ENSG00000128266.8,ENSG00000128266,313,291.3,21.7,0.076,-3.7,4.2e-18,0.0e+00,0,0,309,286,279,23,18,24
ENSG00000100285.9,ENSG00000100285,301.3,281,20.3,0.071,-3.8,8.4e-18,0.0e+00,0,0,260,281,302,18,24,19
ENSG00000167037.18,ENSG00000167037,198.7,194,4.7,0.025,-5.3,9.2e-18,0.0e+00,0,0,193,197,192,3,5,6
ENSG00000186732.13,ENSG00000186732,168.7,166.7,2,0.011,-6.5,1.1e-17,0.0e+00,0,0,163,167,170,1,2,3
ENSG00000225465.8,ENSG00000225465,213.3,211,2.3,0.013,-6.3,1.7e-17,0.0e+00,0,0,231,190,212,4,2,1
ENSG00000100097.11,ENSG00000100097,606.3,99,507.3,5.128,2.4,2.4e-17,0.0e+00,0,0,102,100,95,504,472,546
ENSG00000099901.16,ENSG00000099901,497.3,77.7,419.7,5.372,2.4,3.1e-17,0.0e+00,0,0,70,78,85,407,427,425
ENSG00000100346.17,ENSG00000100346,152.7,151.7,1,0.008,-6.9,6.1e-17,0.0e+00,0,0,140,149,166,1,2,0
ENSG00000280623.1,ENSG00000280623,149.3,0.3,149,279.164,8.1,6.2e-17,0.0e+00,0,0,0,0,1,134,155,158
ENSG00000075275.16,ENSG00000075275,159.3,0.7,158.7,171.787,7.4,8.0e-17,0.0e+00,0,0,0,2,0,167,141,168
ENSG00000100297.15,ENSG00000100297,393.3,37.7,355.7,9.497,3.2,1.3e-16,0.0e+00,0,0,37,34,42,370,305,392
ENSG00000219438.8,ENSG00000219438,195.7,182,13.7,0.076,-3.7,2.1e-16,0.0e+00,0,0,186,174,186,12,17,12
ENSG00000100241.20,ENSG00000100241,1249.7,889.7,360,0.405,-1.3,7.3e-16,0.0e+00,0,0,903,916,850,360,353,367
ENSG00000100353.17,ENSG00000100353,669,140.3,528.7,3.764,1.9,8.4e-16,0.0e+00,0,0,135,126,160,510,516,560
ENSG00000093009.9,ENSG00000093009,154,0,154,1230.018,10.3,1.1e-15,0.0e+00,0,0,0,0,0,152,157,153
ENSG00000128272.14,ENSG00000128272,1297,383,914,2.388,1.3,1.9e-15,0.0e+00,0,0,385,387,377,931,868,943
ENSG00000099937.10,ENSG00000099937,106,1,105,78.647,6.3,1.9e-15,0.0e+00,0,0,1,2,0,105,106,104
ENSG00000131100.12,ENSG00000131100,686.3,505,181.3,0.358,-1.5,5.1e-15,0.0e+00,0,0,527,497,491,171,191,182
ENSG00000075218.18,ENSG00000075218,106.7,2,104.7,48.35,5.6,5.6e-15,0.0e+00,0,0,3,2,1,97,115,102
ENSG00000100412.15,ENSG00000100412,841,592.7,248.3,0.418,-1.3,7.6e-15,0.0e+00,0,0,587,597,594,245,250,250
ENSG00000196419.12,ENSG00000196419,1473.3,468.7,1004.7,2.143,1.1,7.9e-15,0.0e+00,0,0,487,452,467,989,1031,994
ENSG00000100320.22,ENSG00000100320,1191.7,825.7,366,0.443,-1.2,9.1e-15,0.0e+00,0,0,821,797,859,355,383,360
ENSG00000128342.4,ENSG00000128342,106,3.3,102.7,30.702,4.9,1.4e-14,0.0e+00,0,0,3,3,4,107,105,96
ENSG00000243156.7,ENSG00000243156,616.3,467,149.3,0.32,-1.6,1.8e-14,0.0e+00,0,0,433,458,510,141,141,166
ENSG00000184113.9,ENSG00000184113,81.7,81.3,0.3,0.005,-7.6,1.8e-14,0.0e+00,0,0,80,94,70,0,1,0
ENSG00000182902.13,ENSG00000182902,123.7,120.7,3,0.027,-5.2,2.1e-14,0.0e+00,0,0,138,124,100,1,3,5
ENSG00000100362.12,ENSG00000100362,149,133.3,15.7,0.118,-3.1,2.3e-14,0.0e+00,0,0,134,140,126,16,18,13
ENSG00000166897.14,ENSG00000166897,171.3,154,17.3,0.111,-3.2,2.7e-14,0.0e+00,0,0,154,160,148,14,14,24
ENSG00000100354.20,ENSG00000100354,1097.3,746.7,350.7,0.471,-1.1,4.2e-14,0.0e+00,0,0,772,740,728,357,336,359
ENSG00000100100.12,ENSG00000100100,183.7,157,26.7,0.171,-2.5,7.1e-14,0.0e+00,0,0,143,174,154,29,25,26
ENSG00000206195.10,ENSG00000206195,155,8.7,146.3,16.78,4.1,7.8e-14,0.0e+00,0,0,13,4,9,127,163,149
ENSG00000133424.20,ENSG00000133424,294,233,61,0.262,-1.9,9.9e-14,0.0e+00,0,0,230,226,243,56,56,71
ENSG00000168135.4,ENSG00000168135,83.7,82.3,1.3,0.019,-5.7,1.3e-13,0.0e+00,0,0,87,88,72,1,0,3
ENSG00000185666.14,ENSG00000185666,111.3,102.7,8.7,0.081,-3.6,1.5e-13,0.0e+00,0,0,95,117,96,8,11,7
ENSG00000172346.14,ENSG00000172346,91.3,89.7,1.7,0.02,-5.6,1.5e-13,0.0e+00,0,0,92,101,76,3,2,0
ENSG00000040608.13,ENSG00000040608,111,100,11,0.112,-3.2,1.8e-13,0.0e+00,0,0,98,100,102,12,11,10
ENSG00000138867.16,ENSG00000138867,326.7,75,251.7,3.397,1.8,2.9e-13,0.0e+00,0,0,82,68,75,266,231,258
ENSG00000100033.16,ENSG00000100033,194.3,159,35.3,0.222,-2.2,3.4e-13,0.0e+00,0,0,151,155,171,34,32,40
ENSG00000183773.15,ENSG00000183773,113.3,105.3,8,0.072,-3.8,4.5e-13,0.0e+00,0,0,106,92,118,4,11,9
ENSG00000100364.18,ENSG00000100364,570,397,173,0.437,-1.2,5.3e-13,0.0e+00,0,0,415,394,382,177,174,168
ENSG00000100399.15,ENSG00000100399,48.7,47.7,1,0.021,-5.6,5.6e-13,0.0e+00,0,0,47,44,52,1,1,1
ENSG00000073150.13,ENSG00000073150,85.7,79.7,6,0.076,-3.7,9.2e-13,0.0e+00,0,0,76,73,90,6,7,5
ENSG00000241878.9,ENSG00000241878,355.7,260.7,95,0.366,-1.4,9.2e-13,0.0e+00,0,0,250,256,276,100,95,90
ENSG00000100030.14,ENSG00000100030,1607.3,1044.3,563,0.54,-0.9,1.6e-12,0.0e+00,0,0,987,1036,1110,575,527,587
ENSG00000239900.11,ENSG00000239900,230,49.7,180.3,3.658,1.9,2.1e-12,0.0e+00,0,0,52,40,57,187,177,177
ENSG00000198832.10,ENSG00000198832,116.7,100,16.7,0.167,-2.6,2.7e-12,0.0e+00,0,0,111,95,94,17,18,15
ENSG00000099889.13,ENSG00000099889,217,172.3,44.7,0.267,-1.9,2.9e-12,0.0e+00,0,0,179,167,171,54,36,44
ENSG00000100242.15,ENSG00000100242,816.3,570,246.3,0.434,-1.2,3.1e-12,0.0e+00,0,0,560,586,564,247,208,284
ENSG00000100196.10,ENSG00000100196,74,2,72,32.899,5,3.5e-12,0.0e+00,0,0,3,2,1,59,88,69
ENSG00000261675.1,ENSG00000261675,56.7,56.7,0,0.002,-8.8,3.9e-12,0.0e+00,0,0,55,61,54,0,0,0
ENSG00000100077.14,ENSG00000100077,423.7,303,120.7,0.394,-1.3,4.0e-12,0.0e+00,0,0,274,313,322,117,133,112
ENSG00000183765.20,ENSG00000183765,81,3.3,77.7,20.41,4.4,4.3e-12,0.0e+00,0,0,1,5,4,66,84,83
ENSG00000100300.17,ENSG00000100300,108.3,14.3,94,6.61,2.7,4.8e-12,0.0e+00,0,0,16,11,16,94,90,98
ENSG00000128340.14,ENSG00000128340,88,8.7,79.3,9.187,3.2,4.9e-12,0.0e+00,0,0,11,9,6,76,81,81
ENSG00000100234.11,ENSG00000100234,804,273.7,530.3,1.94,1,6.1e-12,0.0e+00,0,0,255,277,289,548,513,530
ENSG00000221963.5,ENSG00000221963,291.3,71.3,220,3.133,1.6,6.2e-12,0.0e+00,0,0,86,59,69,228,207,225
ENSG00000273032.1,ENSG00000273032,57,54.7,2.3,0.044,-4.5,7.3e-12,0.0e+00,0,0,60,49,55,3,1,3
ENSG00000100403.11,ENSG00000100403,889.7,575.3,314.3,0.547,-0.9,9.7e-12,0.0e+00,0,0,559,579,588,311,301,331
ENSG00000100065.14,ENSG00000100065,72.7,4.7,68,13.573,3.8,9.9e-12,0.0e+00,0,0,3,5,6,65,74,65
ENSG00000100351.16,ENSG00000100351,43.7,0.7,43,45.779,5.5,1.3e-11,0.0e+00,0,0,1,0,1,43,47,39
ENSG00000183628.12,ENSG00000183628,88.3,76.3,12,0.157,-2.7,1.4e-11,0.0e+00,0,0,75,78,76,10,14,12
ENSG00000185133.13,ENSG00000185133,85.3,78.3,7,0.088,-3.5,1.5e-11,0.0e+00,0,0,79,84,72,3,6,12
ENSG00000100129.17,ENSG00000100129,712.7,240.3,472.3,1.965,1,2.2e-11,0.0e+00,0,0,246,233,242,450,454,513
ENSG00000100302.6,ENSG00000100302,91,78.7,12.3,0.152,-2.7,2.2e-11,0.0e+00,0,0,74,88,74,10,13,14
ENSG00000100330.15,ENSG00000100330,443.7,299.3,144.3,0.484,-1,2.8e-11,0.0e+00,0,0,296,295,307,151,139,143
ENSG00000133454.15,ENSG00000133454,66.3,0,66.3,520.708,9,3.9e-11,0.0e+00,0,0,0,0,0,57,84,58
ENSG00000205593.11,ENSG00000205593,132,108.7,23.3,0.219,-2.2,4.2e-11,0.0e+00,0,0,102,129,95,27,21,22
ENSG00000169635.9,ENSG00000169635,158.7,32.7,126,3.945,2,5.4e-11,0.0e+00,0,0,36,27,35,143,112,123
ENSG00000100181.21,ENSG00000100181,122.3,24.3,98,4.024,2,6.4e-11,0.0e+00,0,0,27,24,22,96,94,104
ENSG00000186976.14,ENSG00000186976,46.7,44.3,2.3,0.06,-4.1,6.8e-11,0.0e+00,0,0,44,46,43,3,2,2
ENSG00000100027.14,ENSG00000100027,113.7,93.3,20.3,0.218,-2.2,6.8e-11,0.0e+00,0,0,83,108,89,23,19,19
ENSG00000100075.9,ENSG00000100075,209.7,47.7,162,3.374,1.8,7.4e-11,0.0e+00,0,0,43,53,47,153,144,189
ENSG00000244509.3,ENSG00000244509,55.3,4,51.3,12.481,3.6,9.6e-11,0.0e+00,0,0,5,3,4,55,47,52
ENSG00000183864.4,ENSG00000183864,390.7,268.7,122,0.452,-1.1,1.0e-10,0.0e+00,0,0,268,298,240,118,121,127
ENSG00000166862.6,ENSG00000166862,46.7,46.7,0,0.003,-8.5,1.3e-10,0.0e+00,0,0,44,37,59,0,0,0
ENSG00000279010.1,ENSG00000279010,224.7,164.3,60.3,0.364,-1.5,1.3e-10,0.0e+00,0,0,181,162,150,58,69,54
ENSG00000100342.20,ENSG00000100342,69.7,7.3,62.3,7.928,3,1.4e-10,0.0e+00,0,0,5,10,7,56,66,65
ENSG00000133466.13,ENSG00000133466,77.3,11,66.3,6.007,2.6,1.5e-10,0.0e+00,0,0,12,9,12,65,69,65
ENSG00000099958.14,ENSG00000099958,54,3,51,17.52,4.1,1.7e-10,0.0e+00,0,0,3,1,5,51,43,59
ENSG00000100029.17,ENSG00000100029,294.3,85.7,208.7,2.419,1.3,1.7e-10,0.0e+00,0,0,86,85,86,186,216,224
ENSG00000185386.14,ENSG00000185386,114,92.3,21.7,0.228,-2.1,1.9e-10,0.0e+00,0,0,82,99,96,16,24,25
ENSG00000128203.6,ENSG00000128203,105,90.3,14.7,0.165,-2.6,2.4e-10,0.0e+00,0,0,75,80,116,13,12,19
ENSG00000161179.13,ENSG00000161179,127.7,27,100.7,3.734,1.9,3.3e-10,0.0e+00,0,0,23,28,30,105,87,110
ENSG00000070010.18,ENSG00000070010,239.3,67.3,172,2.526,1.3,4.7e-10,0.0e+00,0,0,58,76,68,170,187,159
ENSG00000100162.14,ENSG00000100162,42.3,1.3,41,24.01,4.6,5.0e-10,0.0e+00,0,0,0,3,1,44,36,43
ENSG00000100304.12,ENSG00000100304,291,83.7,207.3,2.433,1.3,6.1e-10,0.0e+00,0,0,76,102,73,194,221,207
ENSG00000100426.6,ENSG00000100426,183.3,46.3,137,2.909,1.5,7.5e-10,0.0e+00,0,0,39,45,55,125,152,134
ENSG00000099960.12,ENSG00000099960,27,26.3,0.7,0.026,-5.3,7.9e-10,0.0e+00,0,0,27,31,21,1,0,1
ENSG00000214076.3,ENSG00000214076,56.3,50.3,6,0.122,-3,9.5e-10,0.0e+00,0,0,54,46,51,3,6,9
ENSG00000198792.12,ENSG00000198792,416,270.3,145.7,0.536,-0.9,1.1e-09,0.0e+00,0,0,277,265,269,134,152,151
ENSG00000185340.15,ENSG00000185340,112,87.3,24.7,0.285,-1.8,1.4e-09,0.0e+00,0,0,98,84,80,21,23,30
ENSG00000100028.11,ENSG00000100028,314.3,100.3,214,2.129,1.1,1.6e-09,0.0e+00,0,0,91,94,116,200,218,224
ENSG00000100106.19,ENSG00000100106,146.3,35.3,111,3.182,1.7,1.6e-09,0.0e+00,0,0,47,28,31,109,105,119
ENSG00000070413.18,ENSG00000070413,600.7,389,211.7,0.548,-0.9,1.9e-09,0.0e+00,0,0,407,380,380,209,184,242
ENSG00000272872.1,ENSG00000272872,51,2,49,23.873,4.6,2.1e-09,0.0e+00,0,0,4,2,0,66,38,43
ENSG00000130638.15,ENSG00000130638,429.7,281.3,148.3,0.523,-0.9,2.6e-09,0.0e+00,0,0,261,275,308,132,158,155
ENSG00000099968.17,ENSG00000099968,469.3,299.7,169.7,0.564,-0.8,2.8e-09,0.0e+00,0,0,274,303,322,165,170,174
ENSG00000100379.17,ENSG00000100379,95.3,77.7,17.7,0.234,-2.1,2.9e-09,0.0e+00,0,0,62,82,89,21,20,12
ENSG00000198911.11,ENSG00000198911,1116.3,683.3,433,0.634,-0.7,3.5e-09,0.0e+00,0,0,642,721,687,424,402,473
ENSG00000100284.20,ENSG00000100284,186.7,129.3,57.3,0.446,-1.2,3.5e-09,0.0e+00,0,0,131,129,128,58,54,60
ENSG00000128159.11,ENSG00000128159,492.3,309.7,182.7,0.592,-0.8,4.7e-09,0.0e+00,0,0,326,311,292,188,181,179
ENSG00000182944.17,ENSG00000182944,1113.7,424.7,689,1.623,0.7,5.5e-09,0.0e+00,0,0,455,380,439,628,708,731
ENSG00000183307.3,ENSG00000183307,45.3,40.3,5,0.128,-3,5.6e-09,0.0e+00,0,0,35,49,37,6,5,4
ENSG00000100368.13,ENSG00000100368,40.3,3.7,36.7,9.704,3.3,5.8e-09,0.0e+00,0,0,3,3,5,34,41,35
ENSG00000100023.17,ENSG00000100023,273,87,186,2.155,1.1,5.9e-09,0.0e+00,0,0,91,80,90,182,165,211
ENSG00000100003.17,ENSG00000100003,87,67.3,19.7,0.292,-1.8,6.3e-09,0.0e+00,0,0,60,69,73,19,18,22
ENSG00000138944.7,ENSG00000138944,324.7,210.3,114.3,0.539,-0.9,6.9e-09,0.0e+00,0,0,195,221,215,109,117,117
ENSG00000196236.12,ENSG00000196236,157.3,45.7,111.7,2.405,1.3,8.3e-09,0.0e+00,0,0,41,48,48,105,118,112
ENSG00000159873.9,ENSG00000159873,252.7,80.3,172.3,2.148,1.1,8.8e-09,0.0e+00,0,0,90,81,70,178,186,153
ENSG00000205704.6,ENSG00000205704,27,26.3,0.7,0.027,-5.2,9.2e-09,0.0e+00,0,0,37,16,26,0,1,1
ENSG00000100038.19,ENSG00000100038,202,57.3,144.7,2.483,1.3,1.3e-08,0.0e+00,0,0,51,56,65,122,166,146
ENSG00000128191.13,ENSG00000128191,281.7,95.7,186,1.944,1,1.3e-08,0.0e+00,0,0,99,104,84,183,178,197
ENSG00000170638.9,ENSG00000170638,114.7,30.3,84.3,2.752,1.5,1.4e-08,0.0e+00,0,0,32,32,27,79,89,85
ENSG00000100314.3,ENSG00000100314,32.7,30.7,2,0.078,-3.7,1.4e-08,0.0e+00,0,0,28,28,36,1,1,4
ENSG00000128165.8,ENSG00000128165,23.3,0.7,22.7,24.196,4.6,2.6e-08,0.0e+00,0,0,0,1,1,19,22,27
ENSG00000197182.12,ENSG00000197182,153.3,110,43.3,0.383,-1.4,2.8e-08,0.0e+00,0,0,98,133,99,38,51,41
ENSG00000100060.17,ENSG00000100060,47.7,5.7,42,7.059,2.8,3.0e-08,0.0e+00,0,0,5,5,7,52,31,43
ENSG00000093000.18,ENSG00000093000,464.3,176.3,288,1.625,0.7,3.2e-08,0.0e+00,0,0,171,176,182,277,306,281
ENSG00000234965.2,ENSG00000234965,32.7,31.7,1,0.031,-5,3.6e-08,0.0e+00,0,0,43,34,18,0,0,3
ENSG00000183963.18,ENSG00000183963,154.7,45.3,109.3,2.401,1.3,4.3e-08,0.0e+00,0,0,47,45,44,100,100,128
ENSG00000100325.14,ENSG00000100325,145.3,44.3,101,2.286,1.2,4.9e-08,0.0e+00,0,0,43,44,46,96,95,112
ENSG00000100292.16,ENSG00000100292,78.3,17.7,60.7,3.402,1.8,5.5e-08,0.0e+00,0,0,17,20,16,56,54,72
ENSG00000253352.8,ENSG00000253352,715.7,286.7,429,1.499,0.6,6.0e-08,0.0e+00,0,0,290,277,293,450,437,400
ENSG00000183785.14,ENSG00000183785,22.7,21.7,1,0.057,-4.1,7.1e-08,0.0e+00,0,0,21,22,22,1,2,0
ENSG00000100151.15,ENSG00000100151,141.7,102,39.7,0.387,-1.4,7.1e-08,0.0e+00,0,0,112,90,104,32,36,51
ENSG00000278195.1,ENSG00000278195,57,46,11,0.23,-2.1,7.5e-08,0.0e+00,0,0,40,39,59,10,12,11
ENSG00000099953.9,ENSG00000099953,25.3,2,23.3,11.163,3.5,8.3e-08,0.0e+00,0,0,3,1,2,25,21,24
ENSG00000184708.17,ENSG00000184708,175.7,116.3,59.3,0.503,-1,1.6e-07,0.0e+00,0,0,124,110,115,54,66,58
ENSG00000099998.17,ENSG00000099998,32.3,29,3.3,0.131,-2.9,2.1e-07,0.0e+00,0,0,28,34,25,6,2,2
ENSG00000184792.15,ENSG00000184792,199,136,63,0.472,-1.1,2.2e-07,0.0e+00,0,0,154,142,112,68,50,71
ENSG00000100243.20,ENSG00000100243,436,171.3,264.7,1.538,0.6,2.3e-07,0.0e+00,0,0,167,182,165,258,265,271
ENSG00000100239.15,ENSG00000100239,397.3,252.3,145,0.571,-0.8,2.3e-07,0.0e+00,0,0,210,250,297,137,147,151
ENSG00000184319.15,ENSG00000184319,88.3,64,24.3,0.382,-1.4,2.5e-07,1.0e-04,0,0,58,66,68,21,23,29
ENSG00000128309.16,ENSG00000128309,128.3,39.3,89,2.311,1.2,3.1e-07,1.0e-04,0,0,45,32,41,90,78,99
ENSG00000133519.12,ENSG00000133519,22.7,21.3,1.3,0.06,-4.1,3.5e-07,1.0e-04,0,0,28,19,17,0,1,3
ENSG00000100344.10,ENSG00000100344,37.7,6,31.7,5.074,2.3,3.6e-07,1.0e-04,0,0,8,5,5,28,35,32
ENSG00000128242.12,ENSG00000128242,25.3,22.3,3,0.133,-2.9,3.7e-07,1.0e-04,0,0,25,20,22,3,3,3
ENSG00000198951.11,ENSG00000198951,155.7,47,108.7,2.283,1.2,5.2e-07,1.0e-04,0,0,37,39,65,99,111,116
ENSG00000128285.4,ENSG00000128285,21.3,20,1.3,0.062,-4,5.4e-07,1.0e-04,0,0,16,23,21,0,3,1
ENSG00000100031.18,ENSG00000100031,53,11.7,41.3,3.549,1.8,6.7e-07,1.0e-04,0,0,11,13,11,48,33,43
ENSG00000069998.12,ENSG00000069998,141.3,42.7,98.7,2.3,1.2,7.6e-07,1.0e-04,0,0,40,47,41,87,86,123
ENSG00000100216.5,ENSG00000100216,193.7,68.7,125,1.821,0.9,7.8e-07,1.0e-04,0,0,70,73,63,122,116,137
ENSG00000242247.10,ENSG00000242247,194.3,65,129.3,1.972,1,8.1e-07,2.0e-04,0,0,71,70,54,125,151,112
ENSG00000179750.15,ENSG00000179750,16.7,0.3,16.3,30.833,4.9,8.1e-07,2.0e-04,0,0,1,0,0,16,20,13
ENSG00000100146.16,ENSG00000100146,218.7,137.7,81,0.585,-0.8,1.0e-06,2.0e-04,0,0,123,148,142,81,81,81
ENSG00000186716.19,ENSG00000186716,553.7,333.7,220,0.656,-0.6,1.0e-06,2.0e-04,0,0,284,368,349,216,213,231
ENSG00000100410.7,ENSG00000100410,118.7,34,84.7,2.505,1.3,1.1e-06,2.0e-04,0,0,45,37,20,94,83,77
ENSG00000188511.12,ENSG00000188511,24.7,3,21.7,6.548,2.7,1.3e-06,2.0e-04,0,0,3,4,2,23,23,19
ENSG00000239713.7,ENSG00000239713,31.7,5.3,26.3,4.878,2.3,1.7e-06,3.0e-04,0,0,7,5,4,28,28,23
ENSG00000100372.14,ENSG00000100372,142,47.3,94.7,1.99,1,1.9e-06,3.0e-04,0,0,48,43,51,81,101,102
ENSG00000169184.5,ENSG00000169184,141.3,44.7,96.7,2.172,1.1,2.0e-06,4.0e-04,0,0,59,37,38,84,96,110
ENSG00000211666.2,ENSG00000211666,13.3,0,13.3,107.624,6.7,2.2e-06,4.0e-04,0,0,0,0,0,15,13,12
ENSG00000128311.13,ENSG00000128311,78.7,22.3,56.3,2.52,1.3,2.9e-06,5.0e-04,0,0,23,23,21,61,64,44
ENSG00000185608.8,ENSG00000185608,109,36.7,72.3,1.972,1,3.0e-06,5.0e-04,0,0,37,37,36,74,70,73
ENSG00000196588.14,ENSG00000196588,227.7,146.7,81,0.563,-0.8,3.1e-06,5.0e-04,0,0,178,141,121,86,76,81
ENSG00000100228.12,ENSG00000100228,48.3,36,12.3,0.342,-1.5,3.4e-06,6.0e-04,0,0,37,32,39,12,13,12
ENSG00000128228.4,ENSG00000128228,44.3,8.7,35.7,3.986,2,3.6e-06,6.0e-04,0,0,7,15,4,34,35,38
ENSG00000075234.16,ENSG00000075234,98.7,30.3,68.3,2.219,1.2,3.7e-06,6.0e-04,0,0,37,31,23,61,72,72
ENSG00000188636.3,ENSG00000188636,402.7,243,159.7,0.655,-0.6,4.5e-06,8.0e-04,0,0,233,283,213,163,157,159
ENSG00000100225.17,ENSG00000100225,554,217.3,336.7,1.54,0.6,5.4e-06,9.0e-04,0,0,217,193,242,295,392,323
ENSG00000128335.13,ENSG00000128335,259.3,157,102.3,0.647,-0.6,6.0e-06,1.0e-03,0,0,147,160,164,97,111,99
ENSG00000133460.19,ENSG00000133460,89,62,27,0.416,-1.3,7.0e-06,1.2e-03,0,0,71,62,53,19,36,26
ENSG00000213923.10,ENSG00000213923,651,272.7,378.3,1.4,0.5,7.2e-06,1.2e-03,0,0,308,245,265,395,353,387
ENSG00000077942.17,ENSG00000077942,142.7,49.3,93.3,1.88,0.9,7.3e-06,1.2e-03,0,0,58,51,39,83,96,101
ENSG00000100281.13,ENSG00000100281,140.3,48.7,91.7,1.856,0.9,8.1e-06,1.3e-03,0,0,41,48,57,83,103,89
ENSG00000100422.13,ENSG00000100422,493.3,290.7,202.7,0.7,-0.5,8.6e-06,1.4e-03,0,0,276,267,329,201,194,213
ENSG00000198355.4,ENSG00000198355,171.3,65,106.3,1.635,0.7,1.0e-05,1.7e-03,0,0,64,63,68,108,108,103
ENSG00000100092.20,ENSG00000100092,78.3,24.7,53.7,2.226,1.2,1.0e-05,1.7e-03,0,0,29,19,26,58,52,51
ENSG00000184117.11,ENSG00000184117,331.7,137,194.7,1.42,0.5,1.3e-05,2.2e-03,0,0,134,136,141,193,195,196
ENSG00000099977.13,ENSG00000099977,82.7,25.3,57.3,2.3,1.2,1.5e-05,2.5e-03,0,0,31,20,25,48,55,69
ENSG00000100418.7,ENSG00000100418,317,188.7,128.3,0.676,-0.6,1.6e-05,2.6e-03,0,0,169,201,196,129,139,117
ENSG00000100347.14,ENSG00000100347,153,53.7,99.3,1.825,0.9,1.7e-05,2.7e-03,0,0,54,48,59,89,120,89
ENSG00000100258.17,ENSG00000100258,205.3,78.3,127,1.608,0.7,1.7e-05,2.7e-03,0,0,72,78,85,118,120,143
ENSG00000100068.11,ENSG00000100068,30.3,6.3,24,3.719,1.9,1.7e-05,2.7e-03,0,0,9,4,6,27,23,22
ENSG00000185022.11,ENSG00000185022,91.3,30,61.3,2.062,1,1.8e-05,2.8e-03,0,0,40,27,23,64,61,59
ENSG00000099910.16,ENSG00000099910,136.7,86,50.7,0.588,-0.8,2.0e-05,3.2e-03,0,0,78,85,95,51,51,50
ENSG00000240972.1,ENSG00000240972,66,20.3,45.7,2.226,1.2,2.7e-05,4.2e-03,0,0,19,24,18,43,41,53
ENSG00000099917.17,ENSG00000099917,297.7,121.7,176,1.449,0.5,3.1e-05,4.7e-03,1e-04,0,127,126,112,179,161,188
ENSG00000244486.7,ENSG00000244486,30.3,6,24.3,3.968,2,3.2e-05,4.9e-03,1e-04,0,11,5,2,22,22,29
ENSG00000197077.12,ENSG00000197077,278.3,165.3,113,0.685,-0.5,3.3e-05,5.0e-03,1e-04,0,169,164,163,109,103,127
ENSG00000183579.15,ENSG00000183579,199.3,122,77.3,0.623,-0.7,3.5e-05,5.2e-03,1e-04,0,128,113,125,67,92,73
ENSG00000183172.8,ENSG00000183172,57.7,40,17.7,0.438,-1.2,3.9e-05,5.8e-03,1e-04,0,32,46,42,17,16,20
ENSG00000128274.15,ENSG00000128274,29,6,23,3.78,1.9,4.3e-05,6.4e-03,1e-04,0,11,5,2,25,23,21
ENSG00000186998.15,ENSG00000186998,28.7,23,5.7,0.263,-1.9,4.5e-05,6.7e-03,1e-04,0,15,21,33,6,5,6
ENSG00000100271.16,ENSG00000100271,48,34.3,13.7,0.379,-1.4,4.6e-05,6.8e-03,1e-04,0,28,39,36,9,14,18
ENSG00000099899.14,ENSG00000099899,186.3,69.7,116.7,1.684,0.8,5.2e-05,7.6e-03,1e-04,0,68,83,58,130,94,126
ENSG00000100142.14,ENSG00000100142,30.7,23.7,7,0.313,-1.7,5.3e-05,7.7e-03,1e-04,0,20,31,20,8,7,6
ENSG00000100335.12,ENSG00000100335,318,131.7,186.3,1.429,0.5,6.7e-05,9.6e-03,1e-04,0,126,130,139,210,171,178
ENSG00000100036.12,ENSG00000100036,47.3,33.3,14,0.412,-1.3,6.8e-05,9.7e-03,1e-04,0,25,38,37,14,16,12
ENSG00000100220.11,ENSG00000100220,367.3,154.3,213,1.39,0.5,7.1e-05,1.0e-02,1e-04,0,146,164,153,231,190,218
ENSG00000185252.17,ENSG00000185252,127.7,48.3,79.3,1.635,0.7,7.6e-05,1.1e-02,1e-04,0,49,44,52,76,82,80
ENSG00000100105.17,ENSG00000100105,206.7,83,123.7,1.507,0.6,7.7e-05,1.1e-02,1e-04,0,95,80,74,132,118,121
ENSG00000025770.18,ENSG00000025770,252,103,149,1.453,0.5,7.8e-05,1.1e-02,1e-04,0,112,101,96,154,134,159
ENSG00000235954.6,ENSG00000235954,98.3,63.7,34.7,0.523,-0.9,9.4e-05,1.3e-02,2e-04,0,55,63,73,28,46,30
ENSG00000099956.17,ENSG00000099956,207.7,83.7,124,1.476,0.6,1.4e-04,1.9e-02,2e-04,0,94,82,75,116,135,121
ENSG00000100380.12,ENSG00000100380,1192.3,536.7,655.7,1.219,0.3,1.5e-04,2.1e-02,3e-04,0,520,520,570,613,674,680
ENSG00000133477.16,ENSG00000133477,19.3,2.7,16.7,5.71,2.5,2.2e-04,3.0e-02,4e-04,0,0,1,7,19,19,12
ENSG00000079974.17,ENSG00000079974,125.7,78.3,47.3,0.611,-0.7,3.5e-04,4.7e-02,6e-04,0,99,68,68,45,52,45
ENSG00000099954.18,ENSG00000099954,215,130.7,84.3,0.653,-0.6,3.6e-04,4.8e-02,6e-04,0,151,95,146,81,85,87
ENSG00000100139.13,ENSG00000100139,171.7,70.7,101,1.428,0.5,3.7e-04,4.9e-02,6e-04,0,68,69,75,101,102,100
ENSG00000100083.18,ENSG00000100083,353.3,153.7,199.7,1.298,0.4,3.8e-04,5.0e-02,6e-04,0,151,162,148,207,200,192
ENSG00000100150.16,ENSG00000100150,134.3,81,53.3,0.655,-0.6,3.9e-04,5.1e-02,6e-04,0,68,86,89,53,51,56
ENSG00000100266.17,ENSG00000100266,320.3,138.7,181.7,1.31,0.4,4.4e-04,5.7e-02,7e-04,0,146,136,134,174,179,192
ENSG00000272821.1,ENSG00000272821,31.3,23,8.3,0.379,-1.4,4.9e-04,6.2e-02,8e-04,0,20,27,22,8,4,13
ENSG00000100365.14,ENSG00000100365,20.7,4.3,16.3,3.571,1.8,4.9e-04,6.2e-02,8e-04,0,4,8,1,16,19,14
ENSG00000183506.16,ENSG00000183506,51,16.3,34.7,2.097,1.1,5.3e-04,6.7e-02,8e-04,0,17,17,15,41,38,25
ENSG00000070371.15,ENSG00000070371,108.3,42.7,65.7,1.536,0.6,5.4e-04,6.8e-02,8e-04,0,41,44,43,67,64,66
ENSG00000100280.16,ENSG00000100280,545.3,300.3,245,0.815,-0.3,5.5e-04,6.8e-02,8e-04,0,301,293,307,244,251,240
ENSG00000099904.15,ENSG00000099904,189,111,78,0.703,-0.5,5.6e-04,6.9e-02,9e-04,0,122,99,112,77,86,71
ENSG00000130489.12,ENSG00000130489,40.7,11.3,29.3,2.482,1.3,5.7e-04,7.0e-02,9e-04,0,7,20,7,28,25,35
ENSG00000100359.20,ENSG00000100359,242.7,139.3,103.3,0.744,-0.4,5.8e-04,7.0e-02,9e-04,0,142,140,136,99,99,112
ENSG00000128284.19,ENSG00000128284,33,8.7,24.3,2.691,1.4,6.7e-04,8.0e-02,0.001,0,9,5,12,25,32,16
ENSG00000100393.9,ENSG00000100393,809.7,446.7,363,0.815,-0.3,8.0e-04,9.5e-02,0.0012,0,409,434,497,388,345,356
ENSG00000100416.12,ENSG00000100416,203.3,86.3,117,1.362,0.4,9.0e-04,1.1e-01,0.0014,0,84,84,91,125,108,118
ENSG00000224086.5,ENSG00000224086,27.7,20,7.7,0.349,-1.5,9.4e-04,1.1e-01,0.0014,0,17,28,15,5,13,5
ENSG00000185651.14,ENSG00000185651,575.7,259.7,316,1.221,0.3,9.8e-04,1.1e-01,0.0015,0,276,261,242,322,324,302
ENSG00000100324.13,ENSG00000100324,170,103,67,0.649,-0.6,1.1e-03,1.3e-01,0.0017,0,132,94,83,54,73,74
ENSG00000186951.16,ENSG00000186951,230,97.3,132.7,1.354,0.4,1.2e-03,1.3e-01,0.0017,0,87,106,99,130,147,121
ENSG00000099999.14,ENSG00000099999,111.3,67.3,44,0.657,-0.6,1.2e-03,1.3e-01,0.0017,0,76,72,54,44,43,45
ENSG00000100034.13,ENSG00000100034,301.7,131,170.7,1.296,0.4,1.2e-03,1.4e-01,0.0018,0,119,126,148,166,172,174
ENSG00000099940.11,ENSG00000099940,149.7,62,87.7,1.409,0.5,1.2e-03,1.4e-01,0.0018,0,58,63,65,90,92,81
ENSG00000100263.13,ENSG00000100263,93.3,36.3,57,1.545,0.6,1.4e-03,1.5e-01,0.002,0,31,41,37,54,59,58
ENSG00000100299.17,ENSG00000100299,113.7,68,45.7,0.666,-0.6,1.5e-03,1.6e-01,0.0021,1,67,59,78,41,49,47
ENSG00000100209.9,ENSG00000100209,37.3,12,25.3,2.142,1.1,1.8e-03,2.0e-01,0.0026,1,11,10,15,29,29,18
ENSG00000213888.3,ENSG00000213888,21.7,15.3,6.3,0.375,-1.4,2.0e-03,2.1e-01,0.0028,1,15,15,16,5,10,4
ENSG00000100413.16,ENSG00000100413,235.7,135.3,100.3,0.752,-0.4,2.2e-03,2.4e-01,0.0032,1,155,117,134,107,93,101
ENSG00000099942.12,ENSG00000099942,978.3,454.7,523.7,1.152,0.2,2.4e-03,2.5e-01,0.0034,1,456,458,450,520,509,542
ENSG00000184381.18,ENSG00000184381,154.7,91,63.7,0.71,-0.5,2.4e-03,2.5e-01,0.0034,1,98,76,99,71,63,57
ENSG00000185838.13,ENSG00000185838,47,15.7,31.3,1.993,1,2.4e-03,2.5e-01,0.0034,1,19,19,9,27,40,27
ENSG00000188677.14,ENSG00000188677,210.3,88.7,121.7,1.352,0.4,2.6e-03,2.7e-01,0.0037,1,90,95,81,105,140,120
ENSG00000100084.14,ENSG00000100084,51.7,18.3,33.3,1.862,0.9,2.7e-03,2.7e-01,0.0037,1,27,16,12,39,29,32
ENSG00000015475.18,ENSG00000015475,132,54.7,77.3,1.43,0.5,3.7e-03,3.6e-01,0.0051,1,55,47,62,72,69,91
ENSG00000099992.15,ENSG00000099992,44.3,15.7,28.7,1.779,0.8,3.7e-03,3.6e-01,0.0051,1,16,15,16,25,28,33
ENSG00000100296.13,ENSG00000100296,240.3,101.7,138.7,1.355,0.4,4.2e-03,4.1e-01,0.0058,1,96,130,79,149,139,128
ENSG00000198089.14,ENSG00000198089,227.3,129,98.3,0.763,-0.4,4.4e-03,4.2e-01,0.006,2,144,116,127,87,96,112
ENSG00000215193.12,ENSG00000215193,346.3,191,155.3,0.811,-0.3,4.5e-03,4.3e-01,0.0062,2,199,198,176,147,148,171
ENSG00000272977.1,ENSG00000272977,22,15.3,6.7,0.43,-1.2,5.0e-03,4.8e-01,0.0069,2,13,19,14,8,8,4
ENSG00000099949.18,ENSG00000099949,347.3,156,191.3,1.225,0.3,5.1e-03,4.8e-01,0.0069,2,159,170,139,196,184,194
ENSG00000184436.11,ENSG00000184436,125.3,52,73.3,1.387,0.5,5.5e-03,5.1e-01,0.0075,2,47,60,49,65,78,77
ENSG00000250479.8,ENSG00000250479,96,56.7,39.3,0.69,-0.5,5.6e-03,5.1e-01,0.0075,2,59,63,48,34,41,43
ENSG00000185339.8,ENSG00000185339,68.7,26.3,42.3,1.555,0.6,5.9e-03,5.4e-01,0.0079,2,24,27,28,39,51,37
ENSG00000224271.5,ENSG00000224271,28.3,9.3,19,2.005,1,7.5e-03,6.8e-01,0.0101,3,9,9,10,17,25,15
ENSG00000215012.8,ENSG00000215012,270.3,120.7,149.7,1.227,0.3,9.6e-03,8.6e-01,0.0128,3,111,134,117,144,157,148
ENSG00000182841.12,ENSG00000182841,73.7,29.7,44,1.445,0.5,1.3e-02,9.0e-01,0.0173,5,28,34,27,39,50,43
ENSG00000093010.11,ENSG00000093010,227.7,102.3,125.3,1.238,0.3,1.3e-02,9.0e-01,0.0173,5,110,101,96,130,111,135
ENSG00000184949.15,ENSG00000184949,47.7,17,30.7,1.78,0.8,1.7e-02,9.0e-01,0.023,6,20,11,20,27,46,19
ENSG00000274602.4,ENSG00000274602,38,14.3,23.7,1.678,0.7,1.9e-02,9.0e-01,0.0254,7,17,9,17,25,19,27
ENSG00000133422.12,ENSG00000133422,218.3,96,122.3,1.27,0.3,2.0e-02,9.0e-01,0.0261,7,111,102,75,114,111,142
ENSG00000100207.18,ENSG00000100207,579,271.3,307.7,1.134,0.2,2.0e-02,9.0e-01,0.0265,7,274,282,258,313,298,312
ENSG00000186654.20,ENSG00000186654,24.3,8.3,16,1.893,0.9,2.1e-02,9.0e-01,0.0266,7,13,5,7,17,18,13
ENSG00000189060.5,ENSG00000189060,314,143.7,170.3,1.178,0.2,2.1e-02,9.0e-01,0.0278,8,139,158,134,173,173,165
ENSG00000244627.5,ENSG00000244627,32,11.7,20.3,1.691,0.8,2.2e-02,9.0e-01,0.028,8,12,11,12,17,25,19
ENSG00000185721.11,ENSG00000185721,248.3,112.3,136,1.2,0.3,2.2e-02,9.0e-01,0.0286,8,106,114,117,127,148,133
ENSG00000100376.11,ENSG00000100376,135.3,59.7,75.7,1.278,0.4,2.3e-02,9.0e-01,0.0288,8,66,53,60,76,68,83
ENSG00000100417.11,ENSG00000100417,86.3,51.3,35,0.696,-0.5,2.4e-02,9.0e-01,0.0307,9,41,46,67,43,36,26
ENSG00000178026.12,ENSG00000178026,44.7,26.7,18,0.653,-0.6,2.4e-02,9.0e-01,0.031,9,24,28,28,14,21,19
ENSG00000100246.12,ENSG00000100246,62.7,37.7,25,0.673,-0.6,2.8e-02,9.0e-01,0.0351,10,25,46,42,32,19,24
ENSG00000184983.9,ENSG00000184983,205.3,92.7,112.7,1.209,0.3,2.9e-02,9.0e-01,0.0369,10,82,105,91,114,113,111
ENSG00000099991.16,ENSG00000099991,687.3,364.7,322.7,0.891,-0.2,3.1e-02,9.0e-01,0.0385,11,371,347,376,343,299,326
ENSG00000100116.16,ENSG00000100116,88.3,37.7,50.7,1.343,0.4,3.1e-02,9.0e-01,0.0388,11,45,29,39,50,55,47
ENSG00000100109.16,ENSG00000100109,187.7,83.7,104,1.247,0.3,3.3e-02,9.0e-01,0.0409,12,88,98,65,116,98,98
ENSG00000100360.14,ENSG00000100360,121.3,67.7,53.7,0.8,-0.3,3.9e-02,9.0e-01,0.0487,14,74,60,69,52,56,53
ENSG00000273295.1,ENSG00000273295,33.7,13.3,20.3,1.529,0.6,4.0e-02,9.0e-01,0.0489,14,13,13,14,19,21,21
ENSG00000100226.15,ENSG00000100226,397.3,185.7,211.7,1.147,0.2,4.7e-02,9.0e-01,0.0586,17,189,197,171,230,188,217
ENSG00000128294.15,ENSG00000128294,106,46.7,59.3,1.298,0.4,5.2e-02,9.0e-01,0.0644,19,51,43,46,56,47,75
ENSG00000100058.12,ENSG00000100058,65.3,28,37.3,1.333,0.4,5.5e-02,9.0e-01,0.0678,20,31,28,25,34,35,43
ENSG00000093072.15,ENSG00000093072,59,34,25,0.737,-0.4,6.1e-02,9.0e-01,0.0741,21,37,29,36,26,30,19
ENSG00000183597.15,ENSG00000183597,143,78.7,64.3,0.823,-0.3,6.5e-02,9.0e-01,0.079,23,72,83,81,74,64,55
ENSG00000100099.20,ENSG00000100099,405.3,188.7,216.7,1.145,0.2,6.8e-02,9.0e-01,0.0817,24,155,189,222,216,208,226
ENSG00000100311.16,ENSG00000100311,71.3,40.3,31,0.76,-0.4,6.8e-02,9.0e-01,0.0817,24,41,45,35,28,27,38
ENSG00000180957.17,ENSG00000180957,174.3,94.7,79.7,0.836,-0.3,6.8e-02,9.0e-01,0.0824,24,106,99,79,76,89,74
ENSG00000100138.13,ENSG00000100138,465.3,221,244.3,1.11,0.2,7.0e-02,9.0e-01,0.0843,25,223,219,221,249,229,255
ENSG00000186575.17,ENSG00000186575,601.3,286.7,314.7,1.094,0.1,8.4e-02,9.0e-01,0.0999,30,270,295,295,309,325,310
ENSG00000279738.1,ENSG00000279738,46,18.7,27.3,1.432,0.5,8.5e-02,9.0e-01,0.1008,30,15,25,16,32,32,18
ENSG00000188130.13,ENSG00000188130,151.3,69,82.3,1.208,0.3,8.8e-02,9.0e-01,0.1048,31,78,61,68,79,69,99
ENSG00000025708.12,ENSG00000025708,41,17.3,23.7,1.414,0.5,9.6e-02,9.0e-01,0.1137,34,16,14,22,32,19,20
ENSG00000226328.6,ENSG00000226328,58,32.7,25.3,0.765,-0.4,1.0e-01,9.0e-01,0.12,36,35,26,37,22,30,24
ENSG00000237438.6,ENSG00000237438,51.3,29,22.3,0.753,-0.4,1.1e-01,9.0e-01,0.1237,37,29,25,33,19,29,19
ENSG00000138964.16,ENSG00000138964,41,17,24,1.37,0.5,1.2e-01,9.0e-01,0.1414,43,21,15,15,22,31,19
ENSG00000099995.18,ENSG00000099995,510.7,244.3,266.3,1.087,0.1,1.4e-01,9.0e-01,0.1582,48,246,261,226,263,274,262
ENSG00000138942.15,ENSG00000138942,194.7,103,91.7,0.868,-0.2,1.4e-01,9.0e-01,0.1667,51,87,122,100,81,100,94
ENSG00000100395.14,ENSG00000100395,218.3,115.7,102.7,0.881,-0.2,1.5e-01,9.0e-01,0.1718,52,123,119,105,101,118,89
ENSG00000073169.13,ENSG00000073169,110.7,61.3,49.3,0.813,-0.3,1.5e-01,9.0e-01,0.1744,53,71,74,39,50,39,59
ENSG00000100387.8,ENSG00000100387,154,72,82,1.137,0.2,1.6e-01,9.0e-01,0.188,58,68,76,72,87,81,78
ENSG00000100319.12,ENSG00000100319,47,20.7,26.3,1.29,0.4,1.9e-01,9.0e-01,0.2208,68,27,20,15,30,30,19
ENSG00000100147.13,ENSG00000100147,42.7,18.7,24,1.269,0.3,2.0e-01,9.0e-01,0.2316,72,12,22,22,25,23,24
ENSG00000100124.12,ENSG00000100124,111,51.7,59.3,1.152,0.2,2.5e-01,9.0e-01,0.2816,87,41,50,64,63,50,65
ENSG00000100055.20,ENSG00000100055,33.3,18.3,15,0.781,-0.4,2.5e-01,9.0e-01,0.2834,88,17,20,18,14,20,11
ENSG00000260708.1,ENSG00000260708,20.3,8.3,12,1.435,0.5,2.5e-01,9.0e-01,0.284,89,3,7,15,10,13,13
ENSG00000100221.10,ENSG00000100221,363,173.7,189.3,1.083,0.1,2.5e-01,9.0e-01,0.2875,90,191,170,160,174,212,182
ENSG00000100014.19,ENSG00000100014,180.7,86.3,94.3,1.106,0.1,2.6e-01,9.0e-01,0.2892,91,86,87,86,107,87,89
ENSG00000189306.10,ENSG00000189306,216.3,103,113.3,1.101,0.1,2.6e-01,9.0e-01,0.2892,91,88,111,110,117,102,121
ENSG00000184164.14,ENSG00000184164,98.7,45.3,53.3,1.151,0.2,2.6e-01,9.0e-01,0.2964,94,40,44,52,47,64,49
ENSG00000100201.18,ENSG00000100201,3950.3,2007,1943.3,0.969,0,2.8e-01,9.0e-01,0.3165,100,2049,1958,2014,1934,1915,1981
ENSG00000261188.1,ENSG00000261188,35.3,19.7,15.7,0.804,-0.3,2.8e-01,9.0e-01,0.3165,101,19,25,15,18,14,15
ENSG00000242259.8,ENSG00000242259,164.3,85.3,79,0.909,-0.1,3.3e-01,9.0e-01,0.3688,118,83,81,92,67,91,79
ENSG00000182858.13,ENSG00000182858,121.3,64.3,57,0.893,-0.2,3.5e-01,9.0e-01,0.3865,124,49,64,80,65,48,58
ENSG00000100104.12,ENSG00000100104,132,68.7,63.3,0.914,-0.1,3.9e-01,9.0e-01,0.4292,138,63,62,81,59,66,65
ENSG00000273899.4,ENSG00000273899,28.3,13,15.3,1.204,0.3,4.2e-01,9.0e-01,0.4568,147,12,10,17,18,13,15
ENSG00000100401.19,ENSG00000100401,656.3,334.3,322,0.961,-0.1,4.3e-01,9.0e-01,0.467,151,337,343,323,316,309,341
ENSG00000184470.19,ENSG00000184470,120,57.3,62.7,1.087,0.1,4.4e-01,9.0e-01,0.4806,156,67,56,49,59,67,62
ENSG00000100425.18,ENSG00000100425,252.7,123,129.7,1.053,0.1,4.7e-01,9.0e-01,0.5113,166,120,122,127,127,125,137
ENSG00000128185.9,ENSG00000128185,89.3,43,46.3,1.103,0.1,4.7e-01,9.0e-01,0.514,168,51,39,39,52,34,53
ENSG00000100056.11,ENSG00000100056,114.3,59.7,54.7,0.924,-0.1,4.8e-01,9.0e-01,0.5146,168,64,61,54,57,46,61
ENSG00000187792.4,ENSG00000187792,88.7,42,46.7,1.106,0.1,4.8e-01,9.0e-01,0.5146,169,35,52,39,55,50,35
ENSG00000054611.13,ENSG00000054611,109,52,57,1.081,0.1,4.8e-01,9.0e-01,0.5146,169,49,53,54,54,52,65
ENSG00000202058.1,ENSG00000202058,650.3,336,314.3,0.906,-0.1,4.8e-01,9.0e-01,0.5165,170,380,347,281,172,437,334
ENSG00000100348.9,ENSG00000100348,90.3,43,47.3,1.101,0.1,4.9e-01,9.0e-01,0.5214,173,36,45,48,56,51,35
ENSG00000275004.3,ENSG00000275004,86.7,41,45.7,1.096,0.1,4.9e-01,9.0e-01,0.5214,173,36,40,47,45,55,37
ENSG00000100350.14,ENSG00000100350,236.3,115.7,120.7,1.063,0.1,5.2e-01,9.0e-01,0.5573,186,98,117,132,147,109,106
ENSG00000184076.12,ENSG00000184076,230.3,113,117.3,1.053,0.1,5.4e-01,9.0e-01,0.5671,189,110,102,127,128,103,121
ENSG00000128283.6,ENSG00000128283,191,92.7,98.3,1.061,0.1,5.4e-01,9.0e-01,0.5689,191,90,109,79,99,84,112
ENSG00000182541.17,ENSG00000182541,150,77,73,0.946,-0.1,5.4e-01,9.0e-01,0.574,193,75,83,73,72,69,78
ENSG00000100211.10,ENSG00000100211,50.7,24,26.7,1.101,0.1,5.7e-01,9.0e-01,0.5989,202,19,26,27,23,24,33
ENSG00000099957.16,ENSG00000099957,39.3,20.7,18.7,0.896,-0.2,5.8e-01,9.0e-01,0.6024,204,25,17,20,16,16,24
ENSG00000177663.13,ENSG00000177663,144.3,73.7,70.7,0.956,-0.1,6.3e-01,9.0e-01,0.6619,224,78,71,72,65,74,73
ENSG00000167065.13,ENSG00000167065,25.3,13.3,12,0.895,-0.2,6.5e-01,9.0e-01,0.6785,231,11,12,17,13,15,8
ENSG00000183530.13,ENSG00000183530,584.7,288.7,296,1.023,0,6.5e-01,9.0e-01,0.6785,231,289,291,286,286,307,295
ENSG00000100154.14,ENSG00000100154,220.3,108.3,112,1.041,0.1,6.8e-01,9.0e-01,0.7054,241,106,129,90,130,112,94
ENSG00000184208.10,ENSG00000184208,84.7,41,43.7,1.048,0.1,7.0e-01,9.0e-01,0.7264,249,45,39,39,39,49,43
ENSG00000183762.12,ENSG00000183762,117,59.3,57.7,0.963,-0.1,7.5e-01,9.0e-01,0.7731,266,67,68,43,52,60,61
ENSG00000278948.1,ENSG00000278948,41.7,21.3,20.3,0.939,-0.1,7.6e-01,9.0e-01,0.7788,269,16,33,15,19,23,19
ENSG00000196576.14,ENSG00000196576,633.7,315,318.7,1.015,0,7.6e-01,9.0e-01,0.7803,270,317,322,306,326,301,329
ENSG00000056487.15,ENSG00000056487,24.3,12.3,12,0.93,-0.1,7.8e-01,9.0e-01,0.7921,275,17,13,7,11,15,10
ENSG00000100227.17,ENSG00000100227,361.7,179.7,182,1.017,0,7.8e-01,9.0e-01,0.7929,276,186,169,184,181,179,186
ENSG00000100294.12,ENSG00000100294,56.7,27.7,29,1.038,0.1,8.0e-01,9.0e-01,0.811,283,24,28,31,29,28,30
ENSG00000187051.8,ENSG00000187051,183,92,91,0.981,0,8.3e-01,9.0e-01,0.8345,292,94,96,86,89,100,84
ENSG00000075240.16,ENSG00000075240,219.7,110.7,109,0.984,0,8.5e-01,9.0e-01,0.8557,300,128,112,92,107,101,119
ENSG00000205643.10,ENSG00000205643,30.7,15.3,15.3,1.042,0.1,8.5e-01,9.0e-01,0.8557,301,20,12,14,18,12,16
ENSG00000280383.1,ENSG00000280383,38,19,19,1.03,0,8.9e-01,9.0e-01,0.8919,315,20,21,16,21,11,25
ENSG00000273311.1,ENSG00000273311,20,10,10,1.039,0.1,9.0e-01,9.0e-01,0.8987,318,4,10,16,11,6,13
